,gross,cost,net
2023-10-03,0.0,0.0,0.0
2023-10-04,0.0,0.0,0.0
2023-10-05,0.0,0.0,0.0
2023-10-06,0.0,0.0,0.0
2023-10-09,0.0,0.0,0.0
2023-10-10,0.0,0.0,0.0
2023-10-11,0.0,0.0,0.0
2023-10-12,0.0,0.0,0.0
2023-10-13,0.0,0.0,0.0
2023-10-16,0.0,0.0,0.0
2023-10-17,0.0,0.0,0.0
2023-10-18,0.0,0.0,0.0
2023-10-19,0.0,0.0,0.0
2023-10-20,0.0,0.0,0.0
2023-10-23,0.0,0.0,0.0
2023-10-24,0.0,0.0,0.0
2023-10-25,0.0,0.0,0.0
2023-10-26,0.0,0.0,0.0
2023-10-27,0.0,0.0,0.0
2023-10-30,0.0,0.0,0.0
2023-10-31,0.0,0.0,0.0
2023-11-01,0.0,0.0,0.0
2023-11-02,0.0,0.0,0.0
2023-11-03,0.0,0.0,0.0
2023-11-06,0.0,0.0,0.0
2023-11-07,0.0,0.0,0.0
2023-11-08,0.0,0.0,0.0
2023-11-09,0.0,0.0,0.0
2023-11-10,0.0,0.0,0.0
2023-11-13,0.0,0.0,0.0
2023-11-14,0.0,0.0,0.0
2023-11-15,0.0,0.0,0.0
2023-11-16,0.0,0.0,0.0
2023-11-17,0.0,0.0,0.0
2023-11-20,0.0,0.0,0.0
2023-11-21,0.0,0.0,0.0
2023-11-22,0.0,0.0,0.0
2023-11-23,0.0,0.0,0.0
2023-11-24,0.0,0.0,0.0
2023-11-27,0.0,0.0,0.0
2023-11-28,0.0,0.0,0.0
2023-11-29,0.0,0.0,0.0
2023-11-30,0.0,0.0,0.0
2023-12-01,0.0,0.0,0.0
2023-12-04,0.0,0.0,0.0
2023-12-05,0.0,0.0,0.0
2023-12-06,0.0,0.0,0.0
2023-12-07,0.0,0.0,0.0
2023-12-08,0.0,0.0,0.0
2023-12-11,0.0,0.0,0.0
2023-12-12,0.0,0.0,0.0
2023-12-13,0.0,0.0,0.0
2023-12-14,0.0,0.0,0.0
2023-12-15,0.0,0.0,0.0
2023-12-18,0.0,0.0,0.0
2023-12-19,0.0,0.0,0.0
2023-12-20,0.0,0.0,0.0
2023-12-21,0.0,0.0,0.0
2023-12-22,0.0,0.0,0.0
2023-12-26,0.0,0.0,0.0
2023-12-27,0.0,0.0,0.0
2023-12-28,0.0,0.0,0.0
2023-12-29,0.0,0.0,0.0
2024-01-01,0.0,0.0,0.0
2024-01-02,0.0,0.0,0.0
2024-01-03,0.0,0.0,0.0
2024-01-04,0.0,0.0,0.0
2024-01-05,0.0,0.0,0.0
2024-01-08,0.0,0.0,0.0
2024-01-09,0.0,0.0,0.0
2024-01-10,0.0,0.0,0.0
2024-01-11,0.0,0.0,0.0
2024-01-12,0.0,0.0,0.0
2024-01-15,0.0,0.0,0.0
2024-01-16,0.0,0.0,0.0
2024-01-17,0.0,0.0,0.0
2024-01-18,0.0,0.0,0.0
2024-01-19,0.0,0.0,0.0
2024-01-22,0.0,0.0,0.0
2024-01-23,0.0,0.0,0.0
2024-01-24,0.0,0.0,0.0
2024-01-25,0.0,0.0,0.0
2024-01-29,0.0,0.0,0.0
2024-01-30,0.0,0.0,0.0
2024-01-31,0.0,0.0,0.0
2024-02-01,0.0,0.0,0.0
2024-02-02,0.0,0.0,0.0
2024-02-05,0.0,0.0,0.0
2024-02-06,0.0,0.0,0.0
2024-02-07,0.0,0.0,0.0
2024-02-08,0.0,0.0,0.0
2024-02-09,0.0,0.0,0.0
2024-02-12,0.0,0.0,0.0
2024-02-13,0.0,0.0,0.0
2024-02-14,0.0,0.0,0.0
2024-02-15,0.0,0.0,0.0
2024-02-16,0.0,0.0,0.0
2024-02-19,0.0,0.0,0.0
2024-02-20,0.0,0.0,0.0
2024-02-21,0.0,0.0,0.0
2024-02-22,0.0,0.0,0.0
2024-02-23,0.0,0.0,0.0
2024-02-26,0.0,0.0,0.0
2024-02-27,0.0,0.0,0.0
2024-02-28,0.0,0.0,0.0
2024-02-29,0.0,0.0,0.0
2024-03-01,0.0,0.0,0.0
2024-03-04,0.0,0.0,0.0
2024-03-05,0.0,0.0,0.0
2024-03-06,0.0,0.0,0.0
2024-03-07,0.0,0.0,0.0
2024-03-08,0.0,0.0,0.0
2024-03-11,0.0,0.0,0.0
2024-03-12,0.0,0.0,0.0
2024-03-13,0.0,0.0,0.0
2024-03-14,0.0,0.0,0.0
2024-03-15,0.0,0.0,0.0
2024-03-18,0.0,0.0,0.0
2024-03-19,0.0,0.0,0.0
2024-03-20,0.0,0.0,0.0
2024-03-21,0.0,0.0,0.0
2024-03-22,0.0,0.0,0.0
2024-03-25,0.0,0.0,0.0
2024-03-26,0.0,0.0,0.0
2024-03-27,0.0,0.0,0.0
2024-03-28,0.0,0.0,0.0
2024-04-01,0.0,0.0,0.0
2024-04-02,0.0,0.0,0.0
2024-04-03,0.0,0.0,0.0
2024-04-04,0.0,0.0,0.0
2024-04-05,0.0,0.0,0.0
2024-04-08,0.0,0.0,0.0
2024-04-09,0.0,0.0,0.0
2024-04-10,0.0,0.0,0.0
2024-04-11,0.0,0.0,0.0
2024-04-12,0.0,0.0,0.0
2024-04-15,0.0,0.0,0.0
2024-04-16,0.0,0.0,0.0
2024-04-17,0.0,0.0,0.0
2024-04-18,0.0,0.0,0.0
2024-04-19,0.0,0.0,0.0
2024-04-22,0.0,0.0,0.0
2024-04-23,0.0,0.0,0.0
2024-04-24,0.0,0.0,0.0
2024-04-25,0.0,0.0,0.0
2024-04-26,0.0,0.0,0.0
2024-04-29,0.0,0.0,0.0
2024-04-30,0.0,0.0,0.0
2024-05-01,0.0,0.0,0.0
2024-05-02,0.0,0.0,0.0
2024-05-03,0.0,0.0,0.0
2024-05-06,0.0,0.0,0.0
2024-05-07,0.0,0.0,0.0
2024-05-08,0.0,0.0,0.0
2024-05-09,0.0,0.0,0.0
2024-05-10,0.0,0.0,0.0
2024-05-13,0.0,0.0,0.0
2024-05-14,0.0,0.0,0.0
2024-05-15,0.0,0.0,0.0
2024-05-16,0.0,0.0,0.0
2024-05-17,0.0,0.0,0.0
2024-05-20,0.0,0.0,0.0
2024-05-21,0.0,0.0,0.0
2024-05-22,0.0,0.0,0.0
2024-05-23,0.0,0.0,0.0
2024-05-24,0.0,0.0,0.0
2024-05-27,0.0,0.0,0.0
2024-05-28,0.0,0.0,0.0
2024-05-29,0.0,0.0,0.0
2024-05-30,0.0,0.0,0.0
2024-05-31,0.0,0.0,0.0
2024-06-03,0.0,0.0,0.0
2024-06-04,0.0,0.0,0.0
2024-06-05,0.0,0.0,0.0
2024-06-06,0.0,0.0,0.0
2024-06-07,0.0,0.0,0.0
2024-06-10,0.0,0.0,0.0
2024-06-11,0.0,0.0,0.0
2024-06-12,0.0,0.0,0.0
2024-06-13,0.0,0.0,0.0
2024-06-14,0.0,0.0,0.0
2024-06-17,0.0,0.0,0.0
2024-06-18,0.0,0.0,0.0
2024-06-19,0.0,0.0,0.0
2024-06-20,0.0,0.0,0.0
2024-06-21,0.0,0.0,0.0
2024-06-24,0.0,0.0,0.0
2024-06-25,0.0,0.0,0.0
2024-06-26,0.0,0.0,0.0
2024-06-27,0.0,0.0,0.0
2024-06-28,0.0,0.0,0.0
2024-07-01,0.0,0.0,0.0
2024-07-02,0.0,0.0,0.0
2024-07-03,0.0,0.0,0.0
2024-07-04,0.0,0.0,0.0
2024-07-05,0.0,0.0,0.0
2024-07-08,0.0,0.0,0.0
2024-07-09,0.0,0.0,0.0
2024-07-10,0.0,0.0,0.0
2024-07-11,0.0,0.0,0.0
2024-07-12,0.0,0.0,0.0
2024-07-15,0.0,0.0,0.0
2024-07-16,0.0,0.0,0.0
2024-07-17,0.0,0.0,0.0
2024-07-18,0.0,0.0,0.0
2024-07-19,0.0,0.0,0.0
2024-07-22,0.0,0.0,0.0
2024-07-23,0.0,0.0,0.0
2024-07-24,0.0,0.0,0.0
2024-07-25,0.0,0.0,0.0
2024-07-26,0.0,0.0,0.0
2024-07-29,0.0,0.0,0.0
2024-07-30,0.0,0.0,0.0
2024-07-31,0.0,0.0,0.0
2024-08-01,0.0,0.0,0.0
2024-08-02,0.0,0.0,0.0
2024-08-05,0.0,0.0,0.0
2024-08-06,0.0,0.0,0.0
2024-08-07,0.0,0.0,0.0
2024-08-08,0.0,0.0,0.0
2024-08-09,0.0,0.0,0.0
2024-08-12,0.0,0.0,0.0
2024-08-13,0.0,0.0,0.0
2024-08-14,0.0,0.0,0.0
2024-08-16,0.0,0.0,0.0
2024-08-19,0.0,0.0,0.0
2024-08-20,0.0,0.0,0.0
2024-08-21,0.0,0.0,0.0
2024-08-22,0.0,0.0,0.0
2024-08-23,0.0,0.0,0.0
2024-08-26,0.0,0.0,0.0
2024-08-27,0.0,0.0,0.0
2024-08-28,0.0,0.0,0.0
2024-08-29,0.0,0.0,0.0
2024-08-30,0.0,0.0,0.0
2024-09-02,0.0,0.0,0.0
2024-09-03,0.0,0.0,0.0
2024-09-04,0.0,0.0,0.0
2024-09-05,0.0,0.0,0.0
2024-09-06,0.0,0.0,0.0
2024-09-09,0.0,0.0,0.0
2024-09-10,0.0,0.0,0.0
2024-09-11,0.0,0.0,0.0
2024-09-12,0.0,0.0,0.0
2024-09-13,0.0,0.0,0.0
2024-09-16,0.0,0.0,0.0
2024-09-17,0.0,0.0,0.0
2024-09-18,0.0,0.0,0.0
2024-09-19,0.0,0.0,0.0
2024-09-20,0.0,0.0,0.0
2024-09-23,0.0,0.0,0.0
2024-09-24,0.0,0.0,0.0
2024-09-25,0.0,0.0,0.0
2024-09-26,0.0,0.0,0.0
2024-09-27,0.0,0.0,0.0
2024-09-30,0.0,0.0,0.0
2024-10-01,0.0,0.0,0.0
2024-10-03,0.0,0.0,0.0
2024-10-04,0.0,0.0,0.0
2024-10-07,0.0,0.0,0.0
2024-10-08,0.0,0.0,0.0
2024-10-09,0.0,0.0,0.0
2024-10-10,0.0,0.0,0.0
2024-10-11,0.0,0.0,0.0
2024-10-14,0.0,0.0,0.0
2024-10-15,0.0,0.0,0.0
2024-10-16,0.0,0.0,0.0
2024-10-17,0.0,0.0,0.0
2024-10-18,0.0,0.0,0.0
2024-10-21,0.0,0.0,0.0
2024-10-22,0.0,0.0,0.0
2024-10-23,0.0,0.0,0.0
2024-10-24,0.0,0.0,0.0
2024-10-25,0.0,0.0,0.0
2024-10-28,0.0,0.0,0.0
2024-10-29,0.0,0.0,0.0
2024-10-30,0.0,0.0,0.0
2024-10-31,0.0,0.0,0.0
2024-11-01,0.0,0.0,0.0
2024-11-04,0.0,0.0,0.0
2024-11-05,0.0,0.0,0.0
2024-11-06,0.0,0.0,0.0
2024-11-07,0.0,0.0,0.0
2024-11-08,0.0,0.0,0.0
2024-11-11,0.0,0.0,0.0
2024-11-12,0.0,0.0,0.0
2024-11-13,0.0,0.0,0.0
2024-11-14,0.0,0.0,0.0
2024-11-15,0.0,0.0,0.0
2024-11-18,0.0,0.0,0.0
2024-11-19,0.0,0.0,0.0
2024-11-20,0.0,0.0,0.0
2024-11-21,0.0,0.0,0.0
2024-11-22,0.0,0.0,0.0
2024-11-25,0.0,0.0,0.0
2024-11-26,0.0,0.0,0.0
2024-11-27,0.0,0.0,0.0
2024-11-28,0.0,0.0,0.0
2024-11-29,0.0,0.0,0.0
2024-12-02,0.0,0.0,0.0
2024-12-03,0.0,0.0,0.0
2024-12-04,0.0,0.0,0.0
2024-12-05,0.0,0.0,0.0
2024-12-06,0.0,0.0,0.0
2024-12-09,0.0,0.0,0.0
2024-12-10,0.0,0.0,0.0
2024-12-11,0.0,0.0,0.0
2024-12-12,0.0,0.0,0.0
2024-12-13,0.0,0.0,0.0
2024-12-16,0.0,0.0,0.0
2024-12-17,0.0,0.0,0.0
2024-12-18,0.0,0.0,0.0
2024-12-19,0.0,0.0,0.0
2024-12-20,0.0,0.0,0.0
2024-12-23,0.0,0.0,0.0
2024-12-24,0.0,0.0,0.0
2024-12-26,0.0,0.0,0.0
2024-12-27,0.0,0.0,0.0
2024-12-30,0.0,0.0,0.0
2024-12-31,0.0,0.0,0.0
2025-01-01,0.0,0.0,0.0
2025-01-02,0.0,0.0,0.0
2025-01-03,0.0,0.0,0.0
2025-01-06,0.0,0.0,0.0
2025-01-07,0.0,0.0,0.0
2025-01-08,0.0,0.0,0.0
2025-01-09,0.0,0.0,0.0
2025-01-10,0.0,0.0,0.0
2025-01-13,0.0,0.0,0.0
2025-01-14,0.0,0.0,0.0
2025-01-15,0.0,0.0,0.0
2025-01-16,0.0,0.0,0.0
2025-01-17,0.0,0.0,0.0
2025-01-20,0.0,0.0,0.0
2025-01-21,0.0,0.0,0.0
2025-01-22,0.0,0.0,0.0
2025-01-23,0.0,0.0,0.0
2025-01-24,0.0,0.0,0.0
2025-01-27,0.0,0.0,0.0
2025-01-28,0.0,0.0,0.0
2025-01-29,0.0,0.0,0.0
2025-01-30,0.0,0.0,0.0
2025-01-31,0.0,0.0,0.0
2025-02-03,0.0,0.0,0.0
2025-02-04,0.0,0.0,0.0
2025-02-05,0.0,0.0,0.0
2025-02-06,0.0,0.0,0.0
2025-02-07,0.0,0.0,0.0
2025-02-10,0.0,0.0,0.0
2025-02-11,0.0,0.0,0.0
2025-02-12,0.0,0.0,0.0
2025-02-13,0.0,0.0,0.0
2025-02-14,0.0,0.0,0.0
2025-02-17,0.0,0.0,0.0
2025-02-18,0.0,0.0,0.0
2025-02-19,0.0,0.0,0.0
2025-02-20,0.0,0.0,0.0
2025-02-21,0.0,0.0,0.0
2025-02-24,0.0,0.0,0.0
2025-02-25,0.0,0.0,0.0
2025-02-26,0.0,0.0,0.0
2025-02-27,0.0,0.0,0.0
2025-02-28,0.0,0.0,0.0
2025-03-03,0.0,0.0,0.0
2025-03-04,0.0,0.0,0.0
2025-03-05,0.0,0.0,0.0
2025-03-06,0.0,0.0,0.0
2025-03-07,0.0,0.0,0.0
2025-03-10,0.0,0.0,0.0
2025-03-11,0.0,0.0,0.0
2025-03-12,0.0,0.0,0.0
2025-03-13,0.0,0.0,0.0
2025-03-14,0.0,0.0,0.0
2025-03-17,0.0,0.0,0.0
2025-03-18,0.0,0.0,0.0
2025-03-19,0.0,0.0,0.0
2025-03-20,0.0,0.0,0.0
2025-03-21,0.0,0.0,0.0
2025-03-24,0.0,0.0,0.0
2025-03-25,0.0,0.0,0.0
2025-03-26,0.0,0.0,0.0
2025-03-27,0.0,0.0,0.0
2025-03-28,0.0,0.0,0.0
2025-03-31,0.0,0.0,0.0
2025-04-01,0.0,0.0,0.0
2025-04-02,0.0,0.0,0.0
2025-04-03,0.0,0.0,0.0
2025-04-04,0.0,0.0,0.0
2025-04-07,0.0,0.0,0.0
2025-04-08,0.0,0.0,0.0
2025-04-09,0.0,0.0,0.0
2025-04-10,0.0,0.0,0.0
2025-04-11,0.0,0.0,0.0
2025-04-14,0.0,0.0,0.0
2025-04-15,0.0,0.0,0.0
2025-04-16,0.0,0.0,0.0
2025-04-17,0.0,0.0,0.0
2025-04-21,0.0,0.0,0.0
2025-04-22,0.0,0.0,0.0
2025-04-23,0.0,0.0,0.0
2025-04-24,0.0,0.0,0.0
2025-04-25,0.0,0.0,0.0
2025-04-28,0.0,0.0,0.0
2025-04-29,0.0,0.0,0.0
2025-04-30,0.0,0.0,0.0
2025-05-01,0.0,0.0,0.0
2025-05-02,0.0,0.0,0.0
2025-05-05,0.0,0.0,0.0
2025-05-06,0.0,0.0,0.0
2025-05-07,0.0,0.0,0.0
2025-05-08,0.0,0.0,0.0
2025-05-09,0.0,0.0,0.0
2025-05-12,0.0,0.0,0.0
2025-05-13,0.0,0.0,0.0
2025-05-14,0.0,0.0,0.0
2025-05-15,0.0,0.0,0.0
2025-05-16,0.0,0.0,0.0
2025-05-19,0.0,0.0,0.0
2025-05-20,0.0,0.0,0.0
2025-05-21,0.0,0.0,0.0
2025-05-22,0.0,0.0,0.0
2025-05-23,0.0,0.0,0.0
2025-05-26,0.0,0.0,0.0
2025-05-27,0.0,0.0,0.0
2025-05-28,0.0,0.0,0.0
2025-05-29,0.0,0.0,0.0
2025-05-30,0.0,0.0,0.0
2025-06-02,0.0,0.0,0.0
2025-06-03,0.0,0.0,0.0
2025-06-04,0.0,0.0,0.0
2025-06-05,0.0,0.0,0.0
2025-06-06,0.0,0.0,0.0
2025-06-09,0.0,0.0,0.0
2025-06-10,0.0,0.0,0.0
2025-06-11,0.0,0.0,0.0
2025-06-12,0.0,0.0,0.0
2025-06-13,0.0,0.0,0.0
2025-06-16,0.0,0.0,0.0
2025-06-17,0.0,0.0,0.0
2025-06-18,0.0,0.0,0.0
2025-06-19,0.0,0.0,0.0
2025-06-20,0.0,0.0,0.0
2025-06-23,0.0,0.0,0.0
2025-06-24,0.0,0.0,0.0
2025-06-25,0.0,0.0,0.0
2025-06-26,0.0,0.0,0.0
2025-06-27,0.0,0.0,0.0
2025-06-30,0.0,0.0,0.0
2025-07-01,0.0,0.0,0.0
2025-07-02,0.0,0.0,0.0
2025-07-03,0.0,0.0,0.0
2025-07-04,0.0,0.0,0.0
2025-07-07,0.0,0.0,0.0
2025-07-08,0.0,0.0,0.0
2025-07-09,0.0,0.0,0.0
2025-07-10,0.0,0.0,0.0
2025-07-11,0.0,0.0,0.0
2025-07-14,0.0,0.0,0.0
2025-07-15,0.0,0.0,0.0
2025-07-16,0.0,0.0,0.0
2025-07-17,0.0,0.0,0.0
2025-07-18,0.0,0.0,0.0
2025-07-21,0.0,0.0,0.0
2025-07-22,0.0,0.0,0.0
2025-07-23,0.0,0.0,0.0
2025-07-24,0.0,0.0,0.0
2025-07-25,0.0,0.0,0.0
2025-07-28,0.0,0.0,0.0
2025-07-29,0.0,0.0,0.0
2025-07-30,0.0,0.0,0.0
2025-07-31,0.0,0.0,0.0
2025-08-01,0.0,0.0,0.0
2025-08-04,0.0,0.0,0.0
2025-08-05,0.0,0.0,0.0
2025-08-06,0.0,0.0,0.0
2025-08-07,0.0,0.0,0.0
2025-08-08,0.0,0.0,0.0
2025-08-11,0.0,0.0,0.0
2025-08-12,0.0,0.0,0.0
2025-08-13,0.0,0.0,0.0
2025-08-14,0.0,0.0,0.0
2025-08-18,0.0,0.0,0.0
2025-08-19,0.0,0.0,0.0
2025-08-20,0.0,0.0,0.0
2025-08-21,0.0,0.0,0.0
2025-08-22,0.0,0.0,0.0
2025-08-25,0.0,0.0,0.0
2025-08-26,0.0,0.0,0.0
2025-08-27,0.0,0.0,0.0
2025-08-28,0.0,0.0,0.0
2025-08-29,0.0,0.0,0.0
2025-09-01,0.0,0.0,0.0
2025-09-02,0.0,0.0,0.0
2025-09-03,0.0,0.0,0.0
2025-09-04,0.0,0.0,0.0
2025-09-05,0.0,0.0,0.0
2025-09-08,0.0,0.0,0.0
2025-09-09,0.0,0.0,0.0
2025-09-10,0.0,0.0,0.0
2025-09-11,0.0,0.0,0.0
2025-09-12,0.0,0.0,0.0
2025-09-15,0.0,0.0,0.0
2025-09-16,0.0,0.0,0.0
2025-09-17,0.0,0.0,0.0
2025-09-18,0.0,0.0,0.0
2025-09-19,0.0,0.0,0.0
2025-09-22,0.0,0.0,0.0
2025-09-23,0.0,0.0,0.0
2025-09-24,0.0,0.0,0.0
2025-09-25,0.0,0.0,0.0
2025-09-26,0.0,0.0,0.0
2025-09-29,0.0,0.0,0.0
2025-09-30,0.0,0.0,0.0
2025-10-01,0.0,0.0,0.0
2025-10-03,0.0,0.0,0.0
2025-10-06,0.0,0.0,0.0
2025-10-07,0.0,31524.256342274904,-31524.256342274904
2025-10-08,-13700.000000000728,0.0,-13700.000000000728
2025-10-09,-25299.999999999272,0.0,-25299.999999999272
2025-10-10,-88200.00000000073,0.0,-88200.00000000073
2025-10-13,-10699.999999998909,0.0,-10699.999999998909
2025-10-14,56099.999999998545,0.0,56099.999999998545
2025-10-15,19300.00000000109,0.0,19300.00000000109
2025-10-16,10899.999999999636,0.0,10899.999999999636
2025-10-17,125399.99999999964,0.0,125399.99999999964
2025-10-20,-115899.99999999964,27761.184559096902,-143661.18455909652
2025-10-21,-43299.99999999927,0.0,-43299.99999999927
2025-10-22,102799.99999999927,0.0,102799.99999999927
2025-10-23,-45600.000000000364,0.0,-45600.000000000364
2025-10-24,20899.999999999636,0.0,20899.999999999636
2025-10-27,-12399.999999997817,5654.326380672584,-18054.3263806704
2025-10-28,99.99999999854481,0.0,99.99999999854481
2025-10-29,9600.000000002183,21741.12413692622,-12141.124136924038
2025-10-30,-26200.000000000728,0.0,-26200.000000000728
2025-10-31,-60399.999999999636,0.0,-60399.999999999636
2025-11-03,-22400.000000001455,0.0,-22400.000000001455
2025-11-04,-52399.999999999636,0.0,-52399.999999999636
2025-11-05,46500.0,5611.657420649989,40888.342579350014
2025-11-06,-6000.0,81835.44585201793,-87835.44585201793
2025-11-07,-5099.999999998545,0.0,-5099.999999998545
2025-11-10,144300.0000000011,11743.208672506458,132556.79132749466
2025-11-11,-206900.00000000146,18361.337669633424,-225261.33766963487
2025-11-12,53600.000000000364,0.0,53600.000000000364
2025-11-13,-75000.0,0.0,-75000.0
2025-11-14,-8799.999999999272,0.0,-8799.999999999272
2025-11-17,74500.0,5099.245402355034,69400.75459764496
2025-11-18,-46100.000000000364,0.0,-46100.000000000364
2025-11-19,-117299.99999999927,0.0,-117299.99999999927
2025-11-20,-56600.000000000364,5522.97547777559,-62122.97547777595
2025-11-21,243199.9999999989,6621.057172379641,236578.94282761926
2025-11-24,-32000.00000000182,5526.860970952674,-37526.86097095449
2025-11-25,142200.00000000256,0.0,142200.00000000256
2025-11-26,-400.0000000014552,0.0,-400.0000000014552
2025-11-27,-8699.999999998909,5371.613573071387,-14071.613573070295
2025-11-28,48600.000000000364,12817.52904012981,35782.47095987055
2025-12-01,-116000.0,0.0,-116000.0
2025-12-02,-35100.000000000364,7509.977956706865,-42609.977956707226
2025-12-03,-17099.999999998545,0.0,-17099.999999998545
2025-12-04,4399.999999999636,108681.99539541666,-104281.99539541702
2025-12-05,190399.99999999782,0.0,190399.99999999782
2025-12-08,-237099.99999999854,0.0,-237099.99999999854
2025-12-09,100399.99999999964,5379.198233000701,95020.80176699893
2025-12-10,-188700.00000000073,0.0,-188700.00000000073
2025-12-11,402200.0000000007,0.0,402200.0000000007
2025-12-12,-78300.00000000109,5462.175666241374,-83762.17566624246
2025-12-15,-186699.9999999989,5769.077359179747,-192469.07735917863
2025-12-16,17099.999999998545,5881.641637620557,11218.358362377989
2025-12-17,6699.999999998909,0.0,6699.999999998909
2025-12-18,-20699.99999999709,0.0,-20699.99999999709
2025-12-19,-5399.999999999636,0.0,-5399.999999999636
2025-12-22,147699.9999999989,0.0,147699.9999999989
2025-12-23,-95400.00000000146,0.0,-95400.00000000146
2025-12-24,-118500.0,0.0,-118500.0
2025-12-26,-95599.99999999854,5886.698717169721,-101486.69871716827
2025-12-29,-198500.0000000018,20218.68953617812,-218718.68953617994
2025-12-30,-35799.99999999927,32978.98148280101,-68778.98148280029
2025-12-31,-299600.00000000035,0.0,-299600.00000000035
2026-01-01,186100.00000000035,0.0,186100.00000000035
2026-01-02,-225800.0000000011,0.0,-225800.0000000011
2026-01-05,269299.9999999993,0.0,269299.9999999993
2026-01-06,132100.00000000035,0.0,132100.00000000035
2026-01-07,-18500.0,0.0,-18500.0
2026-01-08,37300.00000000291,5920.62027847291,31379.37972153
2026-01-09,63299.99999999927,0.0,63299.99999999927
2026-01-12,285200.0000000007,0.0,285200.0000000007
2026-01-13,-90700.00000000073,0.0,-90700.00000000073
2026-01-14,-143500.0,0.0,-143500.0
2026-01-15,8299.999999999272,0.0,8299.999999999272
2026-01-16,-21000.0,0.0,-21000.0
2026-01-19,-109299.99999999927,0.0,-109299.99999999927
2026-01-20,-258399.99999999965,0.0,-258399.99999999965
2026-01-21,-1754500.0,28184.512080504384,-1782684.5120805043
2026-01-22,0.0,0.0,0.0
2026-01-23,0.0,0.0,0.0
2026-01-27,0.0,0.0,0.0
2026-01-28,0.0,0.0,0.0
2026-01-29,0.0,0.0,0.0
2026-01-30,0.0,0.0,0.0
2026-02-02,0.0,0.0,0.0
2026-02-03,0.0,0.0,0.0
2026-02-04,0.0,0.0,0.0
2026-02-05,0.0,0.0,0.0
2026-02-06,0.0,0.0,0.0
2026-02-09,0.0,0.0,0.0
2026-02-10,0.0,0.0,0.0
2026-02-11,0.0,0.0,0.0
2026-02-12,0.0,0.0,0.0
2026-02-13,0.0,0.0,0.0
2026-02-16,0.0,0.0,0.0
2026-02-17,0.0,0.0,0.0
2026-02-18,0.0,0.0,0.0
2026-02-19,0.0,0.0,0.0
2026-02-20,0.0,0.0,0.0
2026-02-23,0.0,0.0,0.0
2026-02-24,0.0,0.0,0.0
2026-02-25,0.0,0.0,0.0
2026-02-26,0.0,0.0,0.0
2026-02-27,0.0,0.0,0.0
2026-03-02,0.0,0.0,0.0
2026-03-03,0.0,0.0,0.0
2026-03-04,0.0,0.0,0.0
2026-03-05,0.0,0.0,0.0
2026-03-06,0.0,0.0,0.0
2026-03-09,0.0,0.0,0.0
2026-03-10,0.0,0.0,0.0
2026-03-11,0.0,0.0,0.0
2026-03-12,0.0,0.0,0.0
2026-03-13,0.0,0.0,0.0
2026-03-16,0.0,0.0,0.0
2026-03-17,0.0,0.0,0.0
2026-03-18,0.0,0.0,0.0
2026-03-19,0.0,0.0,0.0
2026-03-20,0.0,0.0,0.0
2026-03-23,0.0,0.0,0.0
2026-03-24,0.0,0.0,0.0
2026-03-25,0.0,0.0,0.0
2026-03-26,0.0,0.0,0.0
2026-03-27,0.0,0.0,0.0
2026-03-30,0.0,0.0,0.0
2026-03-31,0.0,0.0,0.0
2026-04-01,0.0,0.0,0.0
2026-04-02,0.0,0.0,0.0
2026-04-06,0.0,0.0,0.0
2026-04-07,0.0,0.0,0.0
2026-04-08,0.0,0.0,0.0
2026-04-09,0.0,0.0,0.0
2026-04-10,0.0,0.0,0.0
2026-04-13,0.0,0.0,0.0
2026-04-14,0.0,0.0,0.0
2026-04-15,0.0,0.0,0.0
2026-04-16,0.0,0.0,0.0
2026-04-17,0.0,0.0,0.0
2026-04-20,0.0,0.0,0.0
2026-04-21,0.0,0.0,0.0
2026-04-22,0.0,0.0,0.0
2026-04-23,0.0,0.0,0.0
2026-04-24,0.0,0.0,0.0
2026-04-27,0.0,0.0,0.0
2026-04-28,0.0,0.0,0.0
2026-04-29,0.0,0.0,0.0
2026-04-30,0.0,0.0,0.0
2026-05-01,0.0,0.0,0.0
2026-05-04,0.0,0.0,0.0
2026-05-05,0.0,0.0,0.0
2026-05-06,0.0,0.0,0.0
2026-05-07,0.0,0.0,0.0
2026-05-08,0.0,0.0,0.0
2026-05-11,0.0,0.0,0.0
2026-05-12,0.0,0.0,0.0
2026-05-13,0.0,0.0,0.0
2026-05-14,0.0,99331.91743051657,-99331.91743051657
2026-05-15,5625.0,0.0,5625.0
2026-05-18,27250.0,0.0,27250.0
2026-05-19,153500.0,0.0,153500.0
2026-05-20,-180750.0,0.0,-180750.0
2026-05-21,79000.0,0.0,79000.0
2026-05-22,48875.0,0.0,48875.0
2026-05-25,16000.0,0.0,16000.0
2026-05-26,-58875.0,0.0,-58875.0
2026-05-27,20625.0,0.0,20625.0
2026-05-28,-26000.0,0.0,-26000.0
2026-05-29,-26000.0,0.0,-26000.0
2026-06-01,93125.0,0.0,93125.0
2026-06-02,-68125.0,0.0,-68125.0
2026-06-03,-7750.0,0.0,-7750.0
2026-06-04,12000.0,0.0,12000.0
2026-06-05,7500.0,24232.398560918595,-16732.398560918595
2026-06-08,0.0,0.0,0.0
2026-06-09,0.0,0.0,0.0
2026-06-10,0.0,0.0,0.0
2026-06-11,0.0,0.0,0.0
2026-06-12,0.0,0.0,0.0
2026-06-15,0.0,0.0,0.0
2026-06-16,0.0,0.0,0.0
2026-06-17,0.0,0.0,0.0
2026-06-18,0.0,0.0,0.0
2026-06-19,0.0,0.0,0.0
2026-06-22,0.0,0.0,0.0
2026-06-23,0.0,0.0,0.0
2026-06-24,0.0,0.0,0.0
2026-06-25,0.0,0.0,0.0
2026-06-26,0.0,0.0,0.0
2026-06-29,0.0,0.0,0.0
2026-06-30,0.0,0.0,0.0
2026-07-01,0.0,0.0,0.0
2026-07-02,0.0,0.0,0.0
2026-07-03,0.0,0.0,0.0
2026-07-06,0.0,0.0,0.0
2026-07-07,0.0,0.0,0.0
2026-07-08,0.0,0.0,0.0
2026-07-09,0.0,0.0,0.0
2026-07-10,0.0,0.0,0.0
2026-07-13,0.0,0.0,0.0
2026-07-14,0.0,0.0,0.0
2026-07-15,0.0,0.0,0.0
2026-07-16,0.0,0.0,0.0
2026-07-17,0.0,0.0,0.0
2026-07-20,0.0,0.0,0.0
2026-07-21,0.0,0.0,0.0
2026-07-22,0.0,0.0,0.0
2026-07-23,0.0,0.0,0.0
2026-07-24,0.0,31477.103672465302,-31477.103672465302
2026-07-27,42500.0,0.0,42500.0
2026-07-28,-34250.0,0.0,-34250.0
2026-07-29,69000.0,0.0,69000.0
2026-07-30,22750.0,0.0,22750.0
2026-07-31,-70250.0,0.0,-70250.0
2026-08-03,125.0,0.0,125.0
2026-08-04,-1000.0,0.0,-1000.0
2026-08-05,50750.0,0.0,50750.0
2026-08-06,-250.0,0.0,-250.0
2026-08-07,6125.0,0.0,6125.0
2026-08-10,-9375.0,0.0,-9375.0
2026-08-11,-29125.0,0.0,-29125.0
2026-08-12,6375.0,0.0,6375.0
2026-08-13,-2875.0,0.0,-2875.0
2026-08-14,15500.0,0.0,15500.0
2026-08-17,1875.0,13735.952268915164,-11860.952268915164
2026-08-18,0.0,0.0,0.0
2026-08-19,0.0,0.0,0.0
2026-08-20,0.0,0.0,0.0
2026-08-21,0.0,0.0,0.0
2026-08-24,0.0,0.0,0.0
2026-08-25,0.0,14754.627370157104,-14754.627370157104
2026-08-26,50625.0,0.0,50625.0
2026-08-27,-36875.0,0.0,-36875.0
2026-08-28,-10000.0,0.0,-10000.0
2026-08-31,-9875.0,0.0,-9875.0
2026-09-01,18375.0,0.0,18375.0
2026-09-02,-3000.0,64163.468145255996,-67163.46814525599
2026-09-03,19500.0,0.0,19500.0
2026-09-04,-63000.0,0.0,-63000.0
2026-09-07,-4875.0,0.0,-4875.0
2026-09-08,39625.0,0.0,39625.0
2026-09-09,-32750.0,0.0,-32750.0
2026-09-10,22875.0,0.0,22875.0
2026-09-11,-18875.0,0.0,-18875.0
2026-09-14,49250.0,0.0,49250.0
2026-09-15,-12125.0,0.0,-12125.0
2026-09-16,13375.0,22917.475744844898,-9542.475744844898
2026-09-17,9750.0,0.0,9750.0
2026-09-18,-3000.0,0.0,-3000.0
2026-09-21,-15500.0,0.0,-15500.0
2026-09-22,-8750.0,0.0,-8750.0
2026-09-23,-24500.0,0.0,-24500.0
2026-09-24,33875.0,19855.041607807107,14019.958392192893
